<annotation>
	<folder>NFPA dataset</folder>
	<filename>pos-33.jpg</filename>
	<path>C:/Users/admin/Desktop/NFPA dataset/pos-33.jpg</path>
	<source>
		<database>Unknown</database>
	</source>
	<size>
		<width>800</width>
		<height>640</height>
		<depth>3</depth>
	</size>
	<object>
		<name>nfpa</name>
		<pose>Unspecified</pose>
		<truncated>0</truncated>
		<difficult>0</difficult>
		<bndbox>
			<xmin>54</xmin>
			<ymin>206</ymin>
			<xmax>464</xmax>
			<ymax>608</ymax>
		</bndbox>
	</object>
	<object>
		<name>nfpa</name>
		<pose>Unspecified</pose>
		<truncated>0</truncated>
		<difficult>0</difficult>
		<bndbox>
			<xmin>408</xmin>
			<ymin>211</ymin>
			<xmax>747</xmax>
			<ymax>548</ymax>
		</bndbox>
	</object>
</annotation>
